{
    "scenario": "traditional_aug",
    "n_samples": 100,
    "batch_size": 64,
    "classifier_lr": 0.001,
    "classifier_epochs_mnist": 5,
    "classifier_epochs_finetune": 20,
    "gan_nz": 100,
    "gan_ngf": 64,
    "gan_ndf": 64,
    "gan_nc": 1,
    "gan_n_classes": 10,
    "n_synthetic": 5000,
    "final_accuracy": 0.34761063306699447,
    "classification_report": "              precision    recall  f1-score   support\n\n           0     0.4268    0.3945    0.4100      1744\n           1     0.8358    0.3234    0.4663      5099\n           2     0.6733    0.2374    0.3510      4149\n           3     0.2463    0.4153    0.3092      2882\n           4     0.2953    0.2794    0.2872      2523\n           5     0.4837    0.2987    0.3693      2384\n           6     0.2044    0.6348    0.3093      1977\n           7     0.3528    0.4477    0.3947      2019\n           8     0.2682    0.2602    0.2641      1660\n           9     0.2673    0.3273    0.2943      1595\n\n    accuracy                         0.3476     26032\n   macro avg     0.4054    0.3619    0.3455     26032\nweighted avg     0.4762    0.3476    0.3596     26032\n",
    "timestamp": "2025-10-22T09:56:38.880636",
    "log_dir": "./experiments\\20251022-095311_N100\\exp_traditional_aug_N100\\tensorboard_logs\\20251022-095534_traditional_aug_N100"
}