{
    "scenario": "fine_tune",
    "n_samples": 100,
    "batch_size": 64,
    "classifier_lr": 0.001,
    "classifier_epochs_mnist": 5,
    "classifier_epochs_finetune": 20,
    "gan_nz": 100,
    "gan_ngf": 64,
    "gan_ndf": 64,
    "gan_nc": 1,
    "gan_n_classes": 10,
    "n_synthetic": 5000,
    "final_accuracy": 0.4169099569760295,
    "classification_report": "              precision    recall  f1-score   support\n\n           0     0.4672    0.3068    0.3704      1744\n           1     0.8224    0.3052    0.4451      5099\n           2     0.5645    0.5657    0.5651      4149\n           3     0.3942    0.3019    0.3419      2882\n           4     0.3421    0.4293    0.3807      2523\n           5     0.5242    0.5260    0.5251      2384\n           6     0.2865    0.3207    0.3026      1977\n           7     0.3380    0.7003    0.4560      2019\n           8     0.2446    0.2542    0.2493      1660\n           9     0.2501    0.4627    0.3247      1595\n\n    accuracy                         0.4169     26032\n   macro avg     0.4234    0.4173    0.3961     26032\nweighted avg     0.4861    0.4169    0.4191     26032\n",
    "timestamp": "2025-10-22T09:55:34.813163",
    "log_dir": "./experiments\\20251022-095311_N100\\exp_fine_tune_N100\\tensorboard_logs\\20251022-095429_fine_tune_N100"
}