{
    "scenario": "source_only",
    "n_samples": 10,
    "batch_size": 64,
    "classifier_lr": 0.001,
    "classifier_epochs_mnist": 5,
    "classifier_epochs_finetune": 20,
    "gan_nz": 100,
    "gan_ngf": 64,
    "gan_ndf": 64,
    "gan_nc": 1,
    "gan_n_classes": 10,
    "n_synthetic": 5000,
    "final_accuracy": 0.2666717885679164,
    "classification_report": "              precision    recall  f1-score   support\n\n           0     0.2162    0.2305    0.2231      1744\n           1     0.3083    0.5517    0.3955      5099\n           2     0.6688    0.1752    0.2777      4149\n           3     0.3555    0.1759    0.2354      2882\n           4     0.1589    0.3591    0.2203      2523\n           5     0.5679    0.1841    0.2781      2384\n           6     0.2379    0.1022    0.1430      1977\n           7     0.2478    0.2660    0.2566      2019\n           8     0.1268    0.1898    0.1520      1660\n           9     0.1679    0.0589    0.0872      1595\n\n    accuracy                         0.2667     26032\n   macro avg     0.3056    0.2293    0.2269     26032\nweighted avg     0.3439    0.2667    0.2554     26032\n",
    "timestamp": "2025-10-22T09:49:51.842751",
    "log_dir": "./experiments\\20251022-094835_N10\\exp_source_only_N10\\tensorboard_logs\\20251022-094842_source_only_N10"
}