{
    "scenario": "gan_aug",
    "n_samples": 1000,
    "batch_size": 64,
    "classifier_lr": 0.001,
    "classifier_epochs_mnist": 5,
    "classifier_epochs_finetune": 20,
    "gan_nz": 100,
    "gan_ngf": 64,
    "gan_ndf": 64,
    "gan_nc": 1,
    "gan_n_classes": 10,
    "n_synthetic": 5000,
    "final_accuracy": 0.727719729563614,
    "classification_report": "              precision    recall  f1-score   support\n\n           0     0.6574    0.7724    0.7103      1744\n           1     0.8567    0.7621    0.8066      5099\n           2     0.8590    0.7648    0.8091      4149\n           3     0.6895    0.6211    0.6535      2882\n           4     0.6664    0.7895    0.7228      2523\n           5     0.7138    0.7659    0.7390      2384\n           6     0.6096    0.6722    0.6394      1977\n           7     0.7350    0.7801    0.7568      2019\n           8     0.6636    0.5241    0.5857      1660\n           9     0.5850    0.7248    0.6474      1595\n\n    accuracy                         0.7277     26032\n   macro avg     0.7036    0.7177    0.7071     26032\nweighted avg     0.7365    0.7277    0.7289     26032\n",
    "timestamp": "2025-10-22T14:18:26.103282",
    "log_dir": "./experiments\\20251022-141123_N1000\\exp_gan_aug_N1000\\tensorboard_logs\\20251022-141652_gan_aug_N1000"
}