{
    "scenario": "traditional_aug",
    "n_samples": 1000,
    "batch_size": 64,
    "classifier_lr": 0.001,
    "classifier_epochs_mnist": 5,
    "classifier_epochs_finetune": 20,
    "gan_nz": 100,
    "gan_ngf": 64,
    "gan_ndf": 64,
    "gan_nc": 1,
    "gan_n_classes": 10,
    "n_synthetic": 5000,
    "final_accuracy": 0.7694760295021512,
    "classification_report": "              precision    recall  f1-score   support\n\n           0     0.6687    0.8354    0.7428      1744\n           1     0.8981    0.8211    0.8579      5099\n           2     0.9411    0.7746    0.8498      4149\n           3     0.7733    0.6995    0.7346      2882\n           4     0.6789    0.8664    0.7613      2523\n           5     0.8481    0.7118    0.7740      2384\n           6     0.6757    0.6566    0.6660      1977\n           7     0.7688    0.8400    0.8028      2019\n           8     0.5658    0.6090    0.5866      1660\n           9     0.6239    0.7956    0.6994      1595\n\n    accuracy                         0.7695     26032\n   macro avg     0.7442    0.7610    0.7475     26032\nweighted avg     0.7850    0.7695    0.7723     26032\n",
    "timestamp": "2025-10-22T10:01:36.349221",
    "log_dir": "./experiments\\20251022-095746_N1000\\exp_traditional_aug_N1000\\tensorboard_logs\\20251022-100028_traditional_aug_N1000"
}