{
    "scenario": "gan_aug",
    "n_samples": 100,
    "batch_size": 64,
    "classifier_lr": 0.001,
    "classifier_epochs_mnist": 5,
    "classifier_epochs_finetune": 20,
    "gan_nz": 100,
    "gan_ngf": 64,
    "gan_ndf": 64,
    "gan_nc": 1,
    "gan_n_classes": 10,
    "n_synthetic": 5000,
    "final_accuracy": 0.4061539643515673,
    "classification_report": "              precision    recall  f1-score   support\n\n           0     0.2384    0.5120    0.3253      1744\n           1     0.6930    0.5154    0.5912      5099\n           2     0.6967    0.4666    0.5589      4149\n           3     0.3736    0.2821    0.3215      2882\n           4     0.4585    0.2037    0.2821      2523\n           5     0.3311    0.3721    0.3504      2384\n           6     0.2527    0.3794    0.3033      1977\n           7     0.4842    0.4542    0.4687      2019\n           8     0.1764    0.2614    0.2107      1660\n           9     0.3314    0.5022    0.3993      1595\n\n    accuracy                         0.4062     26032\n   macro avg     0.4036    0.3949    0.3811     26032\nweighted avg     0.4672    0.4062    0.4190     26032\n",
    "timestamp": "2025-10-22T14:11:23.346656",
    "log_dir": "./experiments\\20251022-140522_N100\\exp_gan_aug_N100\\tensorboard_logs\\20251022-140952_gan_aug_N100"
}