{
    "scenario": "source_only",
    "n_samples": 100,
    "batch_size": 64,
    "classifier_lr": 0.001,
    "classifier_epochs_mnist": 5,
    "classifier_epochs_finetune": 20,
    "gan_nz": 100,
    "gan_ngf": 64,
    "gan_ndf": 64,
    "gan_nc": 1,
    "gan_n_classes": 10,
    "n_synthetic": 5000,
    "final_accuracy": 0.2947526121696374,
    "classification_report": "              precision    recall  f1-score   support\n\n           0     0.2011    0.2374    0.2177      1744\n           1     0.2952    0.5997    0.3957      5099\n           2     0.5950    0.2483    0.3503      4149\n           3     0.3569    0.1818    0.2409      2882\n           4     0.1711    0.2889    0.2149      2523\n           5     0.5210    0.2655    0.3518      2384\n           6     0.2144    0.1507    0.1770      1977\n           7     0.3360    0.2724    0.3009      2019\n           8     0.2189    0.2367    0.2275      1660\n           9     0.3761    0.0276    0.0514      1595\n\n    accuracy                         0.2948     26032\n   macro avg     0.3286    0.2509    0.2528     26032\nweighted avg     0.3493    0.2948    0.2821     26032\n",
    "timestamp": "2025-10-22T09:54:29.116648",
    "log_dir": "./experiments\\20251022-095311_N100\\exp_source_only_N100\\tensorboard_logs\\20251022-095320_source_only_N100"
}