{
    "scenario": "fine_tune",
    "n_samples": 1000,
    "batch_size": 64,
    "classifier_lr": 0.001,
    "classifier_epochs_mnist": 5,
    "classifier_epochs_finetune": 20,
    "gan_nz": 100,
    "gan_ngf": 64,
    "gan_ndf": 64,
    "gan_nc": 1,
    "gan_n_classes": 10,
    "n_synthetic": 5000,
    "final_accuracy": 0.7497695144437615,
    "classification_report": "              precision    recall  f1-score   support\n\n           0     0.7720    0.7689    0.7705      1744\n           1     0.8883    0.8127    0.8488      5099\n           2     0.8663    0.7855    0.8239      4149\n           3     0.7027    0.6322    0.6656      2882\n           4     0.7459    0.7923    0.7684      2523\n           5     0.6526    0.7911    0.7152      2384\n           6     0.7273    0.6717    0.6984      1977\n           7     0.6269    0.8762    0.7308      2019\n           8     0.6347    0.5380    0.5823      1660\n           9     0.6527    0.6752    0.6638      1595\n\n    accuracy                         0.7498     26032\n   macro avg     0.7269    0.7344    0.7268     26032\nweighted avg     0.7580    0.7498    0.7504     26032\n",
    "timestamp": "2025-10-22T14:15:17.583847",
    "log_dir": "./experiments\\20251022-141123_N1000\\exp_fine_tune_N1000\\tensorboard_logs\\20251022-141337_fine_tune_N1000"
}