{
    "scenario": "fine_tune",
    "n_samples": 10,
    "batch_size": 64,
    "classifier_lr": 0.001,
    "classifier_epochs_mnist": 5,
    "classifier_epochs_finetune": 20,
    "gan_nz": 100,
    "gan_ngf": 64,
    "gan_ndf": 64,
    "gan_nc": 1,
    "gan_n_classes": 10,
    "n_synthetic": 5000,
    "final_accuracy": 0.10129840196681009,
    "classification_report": "              precision    recall  f1-score   support\n\n           0     0.0762    0.3257    0.1235      1744\n           1     0.7831    0.0255    0.0494      5099\n           2     0.7908    0.0292    0.0563      4149\n           3     0.5939    0.0406    0.0760      2882\n           4     0.0634    0.0301    0.0408      2523\n           5     0.1205    0.2617    0.1650      2384\n           6     0.1321    0.1831    0.1535      1977\n           7     1.0000    0.0010    0.0020      2019\n           8     0.1143    0.0633    0.0814      1660\n           9     0.0663    0.3335    0.1107      1595\n\n    accuracy                         0.1013     26032\n   macro avg     0.3741    0.1294    0.0859     26032\nweighted avg     0.4664    0.1013    0.0782     26032\n",
    "timestamp": "2025-10-22T09:50:58.114328",
    "log_dir": "./experiments\\20251022-094835_N10\\exp_fine_tune_N10\\tensorboard_logs\\20251022-094951_fine_tune_N10"
}