{
    "scenario": "traditional_aug",
    "n_samples": 100,
    "batch_size": 64,
    "classifier_lr": 0.001,
    "classifier_epochs_mnist": 5,
    "classifier_epochs_finetune": 20,
    "gan_nz": 100,
    "gan_ngf": 64,
    "gan_ndf": 64,
    "gan_nc": 1,
    "gan_n_classes": 10,
    "n_synthetic": 5000,
    "final_accuracy": 0.3911724031960664,
    "classification_report": "              precision    recall  f1-score   support\n\n           0     0.3420    0.1651    0.2227      1744\n           1     0.5469    0.5654    0.5560      5099\n           2     0.6138    0.3692    0.4611      4149\n           3     0.4359    0.2609    0.3265      2882\n           4     0.3728    0.3167    0.3425      2523\n           5     0.3608    0.4018    0.3802      2384\n           6     0.2460    0.4107    0.3077      1977\n           7     0.3312    0.5468    0.4126      2019\n           8     0.2353    0.3867    0.2926      1660\n           9     0.2687    0.2589    0.2637      1595\n\n    accuracy                         0.3912     26032\n   macro avg     0.3754    0.3682    0.3566     26032\nweighted avg     0.4211    0.3912    0.3917     26032\n",
    "timestamp": "2025-10-22T14:09:52.155697",
    "log_dir": "./experiments\\20251022-140522_N100\\exp_traditional_aug_N100\\tensorboard_logs\\20251022-140826_traditional_aug_N100"
}