{
    "scenario": "gan_aug",
    "n_samples": 1000,
    "batch_size": 64,
    "classifier_lr": 0.001,
    "classifier_epochs_mnist": 5,
    "classifier_epochs_finetune": 20,
    "gan_nz": 100,
    "gan_ngf": 64,
    "gan_ndf": 64,
    "gan_nc": 1,
    "gan_n_classes": 10,
    "n_synthetic": 5000,
    "final_accuracy": 0.6784342347879533,
    "classification_report": "              precision    recall  f1-score   support\n\n           0     0.6905    0.7202    0.7050      1744\n           1     0.8892    0.6403    0.7445      5099\n           2     0.7740    0.8106    0.7919      4149\n           3     0.6173    0.5461    0.5795      2882\n           4     0.7879    0.6698    0.7241      2523\n           5     0.6495    0.6678    0.6585      2384\n           6     0.7086    0.5438    0.6153      1977\n           7     0.5811    0.8375    0.6861      2019\n           8     0.4343    0.6229    0.5118      1660\n           9     0.5000    0.7028    0.5843      1595\n\n    accuracy                         0.6784     26032\n   macro avg     0.6632    0.6762    0.6601     26032\nweighted avg     0.7052    0.6784    0.6823     26032\n",
    "timestamp": "2025-10-22T10:02:47.148365",
    "log_dir": "./experiments\\20251022-095746_N1000\\exp_gan_aug_N1000\\tensorboard_logs\\20251022-100136_gan_aug_N1000"
}